D2,tm,a,b
0.755,6,1.257014,0.929486
1.5,9,1.362853,6.141204
1,6,1.372452,5.488837
2,12,1.198952,6.861394
1.75,12,1.452272,3.417123
